,Mk,year,Ft,Ewltp (g/km) mean
0,Aiways,2019,electric,0.0
1,Aiways,2020,electric,0.0
2,Aiways,2021,electric,0.0
3,Alfa Romeo,2015,diesel,137.9953110047847
4,Alfa Romeo,2015,lpg,171.48695652173913
5,Alfa Romeo,2015,petrol,172.19693063228974
6,Alfa Romeo,2016,diesel,137.67582846003899
7,Alfa Romeo,2016,lpg,170.76428571428573
8,Alfa Romeo,2016,petrol,174.56120358514727
9,Alfa Romeo,2017,diesel,144.79264909847433
10,Alfa Romeo,2017,lpg,170.71219512195123
11,Alfa Romeo,2017,petrol,177.8385073656846
12,Alfa Romeo,2018,diesel,149.32244158780674
13,Alfa Romeo,2018,lpg,172.2936031701104
14,Alfa Romeo,2018,petrol,187.80477140783745
15,Alfa Romeo,2019,diesel,153.615785997358
16,Alfa Romeo,2019,petrol,191.55150534958946
17,Alfa Romeo,2020,diesel,153.615785997358
18,Alfa Romeo,2020,petrol,191.55150534958946
19,Alfa Romeo,2021,diesel,153.615785997358
20,Alfa Romeo,2021,petrol,191.55150534958946
21,Alpina,2015,diesel,203.0122448979592
22,Alpina,2015,petrol,259.0421052631579
23,Alpina,2016,diesel,199.25254237288135
24,Alpina,2016,petrol,261.0323529411765
25,Alpina,2017,diesel,198.64509803921567
26,Alpina,2017,petrol,273.67600000000004
27,Alpina,2018,diesel,213.51554404145077
28,Alpina,2018,petrol,289.92626262626266
29,Alpina,2019,diesel,214.29457364341084
30,Alpina,2019,petrol,263.12048192771084
31,Alpina,2020,diesel,214.29457364341084
32,Alpina,2020,petrol,263.12048192771084
33,Alpina,2021,diesel,214.29457364341084
34,Alpina,2021,petrol,263.12048192771084
35,Alpine,2017,petrol,178.1
36,Alpine,2018,petrol,173.01422902494332
37,Alpine,2019,petrol,154.61936978683966
38,Alpine,2020,petrol,154.61936978683966
39,Alpine,2021,petrol,154.61936978683966
40,Aston Martin,2015,diesel,398.9142857142857
41,Aston Martin,2015,petrol,410.44453125
42,Aston Martin,2016,diesel,409.24
43,Aston Martin,2016,petrol,405.5943231441048
44,Aston Martin,2017,petrol,385.22162162162164
45,Aston Martin,2018,diesel,392.6000000000001
46,Aston Martin,2018,petrol,327.6857705563762
47,Aston Martin,2019,diesel,295.0
48,Aston Martin,2019,petrol,291.7657608695652
49,Aston Martin,2020,diesel,295.0
50,Aston Martin,2020,petrol,291.7657608695652
51,Aston Martin,2021,diesel,295.0
52,Aston Martin,2021,petrol,291.7657608695652
53,Audi,2015,diesel,172.4972365526895
54,Audi,2015,diesel-electric,53.300000000000004
55,Audi,2015,e85,200.2
56,Audi,2015,ng-biomethane,122.02156862745099
57,Audi,2015,petrol,188.2836094297547
58,Audi,2015,petrol-electric,55.01052631578948
59,Audi,2016,diesel,164.5856569497254
60,Audi,2016,diesel-electric,64.29781021897811
61,Audi,2016,electric,0.0
62,Audi,2016,lpg,125.66666666666667
63,Audi,2016,ng-biomethane,126.76466165413534
64,Audi,2016,petrol,179.0203057576131
65,Audi,2016,petrol-electric,49.58343558282209
66,Audi,2017,diesel,156.79212430552417
67,Audi,2017,diesel-electric,64.43569979716024
68,Audi,2017,lpg,132.16666666666666
69,Audi,2017,ng-biomethane,130.7594387755102
70,Audi,2017,petrol,163.11459255569
71,Audi,2017,petrol-electric,59.44807467911318
72,Audi,2018,diesel,164.33250779226177
73,Audi,2018,diesel-electric,64.58393623543839
74,Audi,2018,electric,0.0
75,Audi,2018,lpg,163.8
76,Audi,2018,ng,132.61524390243903
77,Audi,2018,petrol,171.05947575644842
78,Audi,2018,petrol-electric,49.97233766233766
79,Audi,2019,diesel,155.36155391318607
80,Audi,2019,diesel-electric,135.66666666666666
81,Audi,2019,electric,0.0
82,Audi,2019,lpg,108.0
83,Audi,2019,ng,113.81022222222222
84,Audi,2019,ng-biomethane,113.66666666666667
85,Audi,2019,petrol,152.97953818807534
86,Audi,2019,petrol-electric,40.037749864716396
87,Audi,2020,diesel,155.36155391318607
88,Audi,2020,diesel-electric,135.66666666666666
89,Audi,2020,electric,0.0
90,Audi,2020,lpg,108.0
91,Audi,2020,ng,113.81022222222222
92,Audi,2020,ng-biomethane,113.66666666666667
93,Audi,2020,petrol,152.97953818807534
94,Audi,2020,petrol-electric,40.037749864716396
95,Audi,2021,diesel,155.36155391318607
96,Audi,2021,diesel-electric,135.66666666666666
97,Audi,2021,electric,0.0
98,Audi,2021,lpg,108.0
99,Audi,2021,ng,113.81022222222222
100,Audi,2021,ng-biomethane,113.66666666666667
101,Audi,2021,petrol,152.97953818807534
102,Audi,2021,petrol-electric,40.037749864716396
103,BAIC,2019,diesel,198.0
104,BAIC,2019,lpg,179.0
105,BAIC,2019,ng-biomethane,206.0
106,BAIC,2019,petrol,201.6078431372549
107,BAIC,2020,diesel,198.0
108,BAIC,2020,lpg,179.0
109,BAIC,2020,ng-biomethane,206.0
110,BAIC,2020,petrol,201.6078431372549
111,BAIC,2021,diesel,198.0
112,BAIC,2021,lpg,179.0
113,BAIC,2021,ng-biomethane,206.0
114,BAIC,2021,petrol,201.6078431372549
115,BMW,2015,diesel,168.91106189245724
116,BMW,2015,diesel-electric,81.46666666666668
117,BMW,2015,electric,0.0
118,BMW,2015,hybrid-petrol-e,198.4568181818182
119,BMW,2015,petrol,205.11175912345786
120,BMW,2015,petrol phev,94.10555555555555
121,BMW,2015,petrol-electric,71.25238095238096
122,BMW,2016,diesel,165.50302127481012
123,BMW,2016,electric,0.0
124,BMW,2016,petrol,202.83469318374978
125,BMW,2016,petrol-electric,67.61776397515528
126,BMW,2017,diesel,156.0106334858685
127,BMW,2017,electric,0.0
128,BMW,2017,petrol,183.4558211709445
129,BMW,2017,petrol-electric,62.42282682103232
130,BMW,2018,diesel,165.08108906102072
131,BMW,2018,diesel-electric,21.91428571428571
132,BMW,2018,electric,0.0
133,BMW,2018,lpg,154.0
134,BMW,2018,petrol,183.04567121598762
135,BMW,2018,petrol-electric,57.29540442994166
136,BMW,2019,diesel,146.1593392008325
137,BMW,2019,diesel-electric,141.22727272727272
138,BMW,2019,electric,0.0
139,BMW,2019,other,199.0
140,BMW,2019,petrol,159.70211915753882
141,BMW,2019,petrol-electric,39.083461174949015
142,BMW,2020,diesel,146.1593392008325
143,BMW,2020,diesel-electric,141.22727272727272
144,BMW,2020,electric,0.0
145,BMW,2020,other,199.0
146,BMW,2020,petrol,159.70211915753882
147,BMW,2020,petrol-electric,39.083461174949015
148,BMW,2021,diesel,146.1593392008325
149,BMW,2021,diesel-electric,141.22727272727272
150,BMW,2021,electric,0.0
151,BMW,2021,other,199.0
152,BMW,2021,petrol,159.70211915753882
153,BMW,2021,petrol-electric,39.083461174949015
154,BYD,2015,electric,0.0
155,BYD,2016,electric,0.0
156,BYD,2017,electric,0.0
157,BYD,2018,electric,0.0
158,BYD,2019,electric,0.0
159,BYD,2020,electric,0.0
160,BYD,2021,electric,0.0
161,Bentley,2015,petrol,379.2121848739496
162,Bentley,2016,petrol,378.5172069825436
163,Bentley,2017,diesel,274.08543689320385
164,Bentley,2017,e85,499.2000000000001
165,Bentley,2017,petrol,379.6697318007663
166,Bentley,2018,diesel,273.08453038674037
167,Bentley,2018,petrol,355.8136326194399
168,Bentley,2019,diesel,340.0
169,Bentley,2019,petrol,288.1225806451613
170,Bentley,2019,petrol-electric,86.47674418604652
171,Bentley,2020,diesel,340.0
172,Bentley,2020,petrol,288.1225806451613
173,Bentley,2020,petrol-electric,86.47674418604652
174,Bentley,2021,diesel,340.0
175,Bentley,2021,petrol,288.1225806451613
176,Bentley,2021,petrol-electric,86.47674418604652
177,Brabus,2017,petrol,408.2
178,Brabus,2018,petrol,356.2
179,Brabus,2019,petrol,328.0
180,Brabus,2020,petrol,328.0
181,Brabus,2021,petrol,328.0
182,Bugatti,2015,petrol,705.9
183,Bugatti,2016,petrol,722.8000000000001
184,Bugatti,2017,petrol,674.5375
185,Bugatti,2018,petrol,633.3454545454546
186,Bugatti,2019,petrol,523.3846153846154
187,Bugatti,2020,petrol,523.3846153846154
188,Bugatti,2021,petrol,523.3846153846154
189,Buick,2015,diesel,141.04999999999998
190,Buick,2015,petrol,188.396
191,Buick,2018,diesel,149.5
192,CUPRA,2019,diesel,144.57055589492975
193,CUPRA,2019,electric,0.0
194,CUPRA,2019,petrol,172.9387231523205
195,CUPRA,2019,petrol-electric,31.124390481763214
196,CUPRA,2020,diesel,144.57055589492975
197,CUPRA,2020,electric,0.0
198,CUPRA,2020,petrol,172.9387231523205
199,CUPRA,2020,petrol-electric,31.124390481763214
200,CUPRA,2021,diesel,144.57055589492975
201,CUPRA,2021,electric,0.0
202,CUPRA,2021,petrol,172.9387231523205
203,CUPRA,2021,petrol-electric,31.124390481763214
204,Cadillac,2015,petrol,296.783606557377
205,Cadillac,2016,petrol,312.88510638297873
206,Cadillac,2017,petrol,327.236
207,Cadillac,2018,petrol,330.50444145356664
208,Cadillac,2019,diesel,174.8
209,Cadillac,2019,petrol,213.0
210,Cadillac,2020,diesel,174.8
211,Cadillac,2020,petrol,213.0
212,Cadillac,2021,diesel,174.8
213,Cadillac,2021,petrol,213.0
214,Caterham,2015,petrol,204.6972972972973
215,Caterham,2016,petrol,201.22916666666666
216,Caterham,2017,petrol,188.4178947368421
217,Caterham,2018,petrol,184.94411764705882
218,Caterham,2019,petrol,151.4746835443038
219,Caterham,2020,petrol,151.4746835443038
220,Caterham,2021,petrol,151.4746835443038
221,Chevrolet,2015,diesel,182.7466216216216
222,Chevrolet,2015,lpg,148.63333333333335
223,Chevrolet,2015,petrol,235.7642857142857
224,Chevrolet,2015,petrol-electric,35.1
225,Chevrolet,2016,diesel,164.87058823529412
226,Chevrolet,2016,lpg,143.0
227,Chevrolet,2016,petrol,298.2798561151079
228,Chevrolet,2017,diesel,195.00000000000003
229,Chevrolet,2017,e85,468.0
230,Chevrolet,2017,petrol,340.15078534031414
231,Chevrolet,2018,diesel,193.7
232,Chevrolet,2018,petrol,336.7738911290323
233,Chevrolet,2019,e85,249.0
234,Chevrolet,2019,petrol,287.70451127819547
235,Chevrolet,2020,e85,249.0
236,Chevrolet,2020,petrol,287.70451127819547
237,Chevrolet,2021,e85,249.0
238,Chevrolet,2021,petrol,287.70451127819547
239,Chrysler,2015,diesel,265.7515151515152
240,Chrysler,2015,lpg,149.5
241,Chrysler,2015,petrol,179.48666666666668
242,Chrysler,2016,diesel,199.27326732673265
243,Chrysler,2016,petrol,274.2754716981132
244,Chrysler,2017,diesel,180.97012987012988
245,Chrysler,2017,petrol,274.54375
246,Chrysler,2018,diesel,169.8177080076182
247,Chrysler,2018,lpg,192.4
248,Chrysler,2018,petrol,180.2854633672974
249,Chrysler,2019,petrol-electric,73.41666666666667
250,Chrysler,2020,petrol-electric,73.41666666666667
251,Chrysler,2021,petrol-electric,73.41666666666667
252,Citroën,2015,diesel,148.74374469529792
253,Citroën,2015,diesel-electric,144.97177033492824
254,Citroën,2015,electric,0.0
255,Citroën,2015,lpg,172.25
256,Citroën,2015,ng-biomethane,182.0
257,Citroën,2015,petrol,154.31778443113774
258,Citroën,2015,petrol-electric,148.99238095238096
259,Citroën,2016,diesel,139.80627705627705
260,Citroën,2016,electric,0.0
261,Citroën,2016,lpg,186.90862068965518
262,Citroën,2016,petrol,144.97070914696815
263,Citroën,2017,diesel,132.07289460570576
264,Citroën,2017,diesel-electric,125.45
265,Citroën,2017,electric,0.0
266,Citroën,2017,lpg,143.10833333333335
267,Citroën,2017,petrol,140.91196483223598
268,Citroën,2018,diesel,135.8303249114389
269,Citroën,2018,electric,0.0
270,Citroën,2018,lpg,146.3774869888476
271,Citroën,2018,petrol,141.72175323845127
272,Citroën,2019,diesel,127.26207596742881
273,Citroën,2019,diesel-electric,120.0
274,Citroën,2019,electric,0.0
275,Citroën,2019,lpg,130.21428571428572
276,Citroën,2019,other,131.7037037037037
277,Citroën,2019,petrol,126.62546818659929
278,Citroën,2019,petrol-electric,33.307602818286085
279,Citroën,2020,diesel,127.26207596742881
280,Citroën,2020,diesel-electric,120.0
281,Citroën,2020,electric,0.0
282,Citroën,2020,lpg,130.21428571428572
283,Citroën,2020,other,131.7037037037037
284,Citroën,2020,petrol,126.62546818659929
285,Citroën,2020,petrol-electric,33.307602818286085
286,Citroën,2021,diesel,127.26207596742881
287,Citroën,2021,diesel-electric,120.0
288,Citroën,2021,electric,0.0
289,Citroën,2021,lpg,130.21428571428572
290,Citroën,2021,other,131.7037037037037
291,Citroën,2021,petrol,126.62546818659929
292,Citroën,2021,petrol-electric,33.307602818286085
293,DFSK,2018,lpg,222.0
294,DFSK,2018,petrol,224.236
295,DFSK,2019,diesel,222.66666666666666
296,DFSK,2019,electric,0.0
297,DFSK,2019,lpg,241.16050420168068
298,DFSK,2019,ng-biomethane,228.48837209302326
299,DFSK,2019,petrol,236.50646464646465
300,DFSK,2020,diesel,222.66666666666666
301,DFSK,2020,electric,0.0
302,DFSK,2020,lpg,241.16050420168068
303,DFSK,2020,ng-biomethane,228.48837209302326
304,DFSK,2020,petrol,236.50646464646465
305,DFSK,2021,diesel,222.66666666666666
306,DFSK,2021,electric,0.0
307,DFSK,2021,lpg,241.16050420168068
308,DFSK,2021,ng-biomethane,228.48837209302326
309,DFSK,2021,petrol,236.50646464646465
310,DR,2015,diesel,222.8333103764922
311,DR,2015,diesel-electric,217.18863636363633
312,DR,2015,lpg,193.70000000000002
313,DR,2015,petrol,326.0761904761905
314,DR,2016,diesel,204.0813995837669
315,DR,2016,lpg,193.70000000000002
316,DR,2016,petrol,312.86736672051694
317,DR,2017,diesel,190.6649675423692
318,DR,2017,diesel-electric,206.82999999999998
319,DR,2017,electric,0.0
320,DR,2017,lpg,193.70000000000002
321,DR,2017,petrol,291.4201788708776
322,DR,2018,diesel,205.10408987351718
323,DR,2018,electric,0.0
324,DR,2018,lpg,199.01142857142855
325,DR,2018,petrol,269.8577296489918
326,DR,2018,petrol-electric,81.89021595416483
327,DR,2019,diesel,198.58683021054662
328,DR,2019,diesel-electric,228.25
329,DR,2019,e85,212.766732935719
330,DR,2019,electric,0.0
331,DR,2019,lpg,135.88496124031008
332,DR,2019,other,202.0
333,DR,2019,petrol,236.64914693149987
334,DR,2019,petrol-electric,72.2394314154287
335,DR,2020,diesel,198.58683021054662
336,DR,2020,diesel-electric,228.25
337,DR,2020,e85,212.766732935719
338,DR,2020,electric,0.0
339,DR,2020,lpg,135.88496124031008
340,DR,2020,other,202.0
341,DR,2020,petrol,236.64914693149987
342,DR,2020,petrol-electric,72.2394314154287
343,DR,2021,diesel,198.58683021054662
344,DR,2021,diesel-electric,228.25
345,DR,2021,e85,212.766732935719
346,DR,2021,electric,0.0
347,DR,2021,lpg,135.88496124031008
348,DR,2021,other,202.0
349,DR,2021,petrol,236.64914693149987
350,DR,2021,petrol-electric,72.2394314154287
351,DS,2015,diesel,134.02892561983472
352,DS,2015,diesel-electric,130.89375
353,DS,2015,petrol,156.15166666666667
354,DS,2015,petrol-electric,161.0375
355,DS,2016,diesel,132.42767052767053
356,DS,2016,petrol,148.97222222222223
357,DS,2017,diesel,130.97975708502025
358,DS,2017,petrol,142.61413398125651
359,DS,2018,diesel,149.15964580377317
360,DS,2018,diesel-electric,133.9
361,DS,2018,petrol,150.5798618517954
362,DS,2019,diesel,138.393546148508
363,DS,2019,electric,0.0
364,DS,2019,other,113.3
365,DS,2019,petrol,133.6580555781925
366,DS,2019,petrol-electric,34.14506326488281
367,DS,2020,diesel,138.393546148508
368,DS,2020,electric,0.0
369,DS,2020,other,113.3
370,DS,2020,petrol,133.6580555781925
371,DS,2020,petrol-electric,34.14506326488281
372,DS,2021,diesel,138.393546148508
373,DS,2021,electric,0.0
374,DS,2021,other,113.3
375,DS,2021,petrol,133.6580555781925
376,DS,2021,petrol-electric,34.14506326488281
377,Dacia,2015,diesel,145.45803807509256
378,Dacia,2015,e85,214.5
379,Dacia,2015,lpg,170.38682745825602
380,Dacia,2015,petrol,176.78164265129683
381,Dacia,2016,diesel,138.36061004470156
382,Dacia,2016,lpg,138.14993710691823
383,Dacia,2016,petrol,168.55232054455445
384,Dacia,2017,diesel,143.22988294881256
385,Dacia,2017,e85,206.7
386,Dacia,2017,lpg,163.93885196956563
387,Dacia,2017,ng-biomethane,187.63333333333333
388,Dacia,2017,petrol,159.0582485297033
389,Dacia,2018,diesel,142.76795852779253
390,Dacia,2018,lpg,149.12056430266074
391,Dacia,2018,ng,133.9
392,Dacia,2018,petrol,158.50433967913287
393,Dacia,2019,diesel,134.00191438026553
394,Dacia,2019,electric,0.0
395,Dacia,2019,lpg,121.78455004710577
396,Dacia,2019,ng-biomethane,140.72727272727272
397,Dacia,2019,petrol,131.0883356891621
398,Dacia,2020,diesel,134.00191438026553
399,Dacia,2020,electric,0.0
400,Dacia,2020,lpg,121.78455004710577
401,Dacia,2020,ng-biomethane,140.72727272727272
402,Dacia,2020,petrol,131.0883356891621
403,Dacia,2021,diesel,134.00191438026553
404,Dacia,2021,electric,0.0
405,Dacia,2021,lpg,121.78455004710577
406,Dacia,2021,ng-biomethane,140.72727272727272
407,Dacia,2021,petrol,131.0883356891621
408,Daihatsu,2015,petrol,206.7
409,Daihatsu,2016,petrol,235.3
410,Daihatsu,2017,petrol,209.95000000000002
411,Daihatsu,2018,petrol,228.8
412,Dallara,2018,petrol,216.0
413,Dallara,2019,petrol,216.0
414,Dallara,2020,petrol,216.0
415,Dallara,2021,petrol,216.0
416,Dodge,2015,diesel,251.29000000000002
417,Dodge,2015,petrol,422.6857142857143
418,Dodge,2016,petrol,464.70000000000005
419,Dodge,2017,petrol,461.5
420,Dodge,2018,petrol,434.9647058823529
421,Dodge,2019,e85,338.0
422,Dodge,2019,lpg,318.7142857142857
423,Dodge,2019,petrol,338.6
424,Dodge,2020,e85,338.0
425,Dodge,2020,lpg,318.7142857142857
426,Dodge,2020,petrol,338.6
427,Dodge,2021,e85,338.0
428,Dodge,2021,lpg,318.7142857142857
429,Dodge,2021,petrol,338.6
430,Donkervoort,2015,petrol,231.4
431,Donkervoort,2016,petrol,231.4
432,Donkervoort,2017,petrol,231.4
433,Donkervoort,2018,petrol,231.4
434,Donkervoort,2019,petrol,191.0
435,Donkervoort,2020,petrol,191.0
436,Donkervoort,2021,petrol,191.0
437,Dreamer,2019,diesel,214.0
438,Dreamer,2020,diesel,214.0
439,Dreamer,2021,diesel,214.0
440,Ferrari,2015,petrol,404.70305676855895
441,Ferrari,2015,petrol-electric,429.0
442,Ferrari,2016,petrol,388.37768595041325
443,Ferrari,2017,petrol,375.18629032258065
444,Ferrari,2018,petrol,357.96365496079096
445,Ferrari,2019,petrol,297.5148342059337
446,Ferrari,2019,petrol-electric,182.31592039800995
447,Ferrari,2020,petrol,297.5148342059337
448,Ferrari,2020,petrol-electric,182.31592039800995
449,Ferrari,2021,petrol,297.5148342059337
450,Ferrari,2021,petrol-electric,182.31592039800995
451,Fiat,2015,biodiesel,187.2
452,Fiat,2015,diesel,172.82792022792023
453,Fiat,2015,electric,0.0
454,Fiat,2015,lpg,160.10000000000002
455,Fiat,2015,ng-biomethane,151.76612021857923
456,Fiat,2015,petrol,159.204469273743
457,Fiat,2016,diesel,156.86050420168067
458,Fiat,2016,lpg,173.52547169811322
459,Fiat,2016,ng-biomethane,152.02749003984064
460,Fiat,2016,petrol,161.837216066482
461,Fiat,2017,diesel,143.64330743079165
462,Fiat,2017,electric,0.0
463,Fiat,2017,lpg,172.24066091954023
464,Fiat,2017,ng-biomethane,161.15793528505392
465,Fiat,2017,petrol,157.029928362961
466,Fiat,2018,diesel,141.07890431246253
467,Fiat,2018,lpg,154.5732343665382
468,Fiat,2018,ng,133.96198554822496
469,Fiat,2018,petrol,156.94344133281174
470,Fiat,2019,diesel,128.26316806181583
471,Fiat,2019,electric,0.0
472,Fiat,2019,lpg,123.6057862809146
473,Fiat,2019,ng,286.3333333333333
474,Fiat,2019,ng-biomethane,110.3657762496694
475,Fiat,2019,petrol,126.34790141482273
476,Fiat,2019,petrol-electric,116.78214397988054
477,Fiat,2020,diesel,128.26316806181583
478,Fiat,2020,electric,0.0
479,Fiat,2020,lpg,123.6057862809146
480,Fiat,2020,ng,286.3333333333333
481,Fiat,2020,ng-biomethane,110.3657762496694
482,Fiat,2020,petrol,126.34790141482273
483,Fiat,2020,petrol-electric,116.78214397988054
484,Fiat,2021,diesel,128.26316806181583
485,Fiat,2021,electric,0.0
486,Fiat,2021,lpg,123.6057862809146
487,Fiat,2021,ng,286.3333333333333
488,Fiat,2021,ng-biomethane,110.3657762496694
489,Fiat,2021,petrol,126.34790141482273
490,Fiat,2021,petrol-electric,116.78214397988054
491,Fisker,2015,petrol-electric,68.9
492,Fisker,2016,petrol-electric,68.9
493,Ford,2015,diesel,164.99311382878645
494,Ford,2015,e85,187.2
495,Ford,2015,electric,0.0
496,Ford,2015,lpg,158.9027397260274
497,Ford,2015,ng-biomethane,143.0
498,Ford,2015,petrol,171.06828333553588
499,Ford,2015,petrol-electric,120.61562500000001
500,Ford,2016,biodiesel,211.25
501,Ford,2016,diesel,158.330091344714
502,Ford,2016,electric,0.0
503,Ford,2016,lpg,173.76043165467627
504,Ford,2016,ng-biomethane,152.96666666666667
505,Ford,2016,petrol,170.01099402168407
506,Ford,2016,petrol-electric,59.8
507,Ford,2017,diesel,153.19887837983836
508,Ford,2017,electric,0.0
509,Ford,2017,lpg,159.458
510,Ford,2017,ng-biomethane,156.65
511,Ford,2017,petrol,157.01058198277997
512,Ford,2017,petrol-electric,109.20000000000002
513,Ford,2018,diesel,157.8458985432175
514,Ford,2018,electric,0.0
515,Ford,2018,lpg,162.37243624525232
516,Ford,2018,ng,172.0336
517,Ford,2018,petrol,152.77495637993002
518,Ford,2018,petrol-electric,105.23333333333333
519,Ford,2019,diesel,153.42561930373648
520,Ford,2019,diesel-electric,136.0
521,Ford,2019,e85,123.65603363006923
522,Ford,2019,electric,0.0
523,Ford,2019,lpg,112.74628616106332
524,Ford,2019,ng-biomethane,140.4
525,Ford,2019,petrol,130.91248210904462
526,Ford,2019,petrol-electric,37.232243864340994
527,Ford,2020,diesel,153.42561930373648
528,Ford,2020,diesel-electric,136.0
529,Ford,2020,e85,123.65603363006923
530,Ford,2020,electric,0.0
531,Ford,2020,lpg,112.74628616106332
532,Ford,2020,ng-biomethane,140.4
533,Ford,2020,petrol,130.91248210904462
534,Ford,2020,petrol-electric,37.232243864340994
535,Ford,2021,diesel,153.42561930373648
536,Ford,2021,diesel-electric,136.0
537,Ford,2021,e85,123.65603363006923
538,Ford,2021,electric,0.0
539,Ford,2021,lpg,112.74628616106332
540,Ford,2021,ng-biomethane,140.4
541,Ford,2021,petrol,130.91248210904462
542,Ford,2021,petrol-electric,37.232243864340994
543,Honda,2015,diesel,160.3634030418251
544,Honda,2015,lpg,199.55
545,Honda,2015,petrol,190.2211813842482
546,Honda,2015,petrol-electric,133.32222222222222
547,Honda,2016,diesel,153.05403225806452
548,Honda,2016,lpg,206.31951219512197
549,Honda,2016,petrol,187.22558575445174
550,Honda,2016,petrol-electric,135.20000000000002
551,Honda,2017,diesel,150.88701315450092
552,Honda,2017,lpg,148.20000000000002
553,Honda,2017,petrol,172.7976848967071
554,Honda,2017,petrol-electric,141.70000000000002
555,Honda,2018,diesel,145.83702599420485
556,Honda,2018,petrol,164.7580648164527
557,Honda,2018,petrol-electric,252.20000000000002
558,Honda,2019,diesel,123.58285714285714
559,Honda,2019,electric,0.0
560,Honda,2019,lpg,154.0
561,Honda,2019,petrol,133.23570835599577
562,Honda,2019,petrol-electric,156.39417475728155
563,Honda,2020,diesel,123.58285714285714
564,Honda,2020,electric,0.0
565,Honda,2020,lpg,154.0
566,Honda,2020,petrol,133.23570835599577
567,Honda,2020,petrol-electric,156.39417475728155
568,Honda,2021,diesel,123.58285714285714
569,Honda,2021,electric,0.0
570,Honda,2021,lpg,154.0
571,Honda,2021,petrol,133.23570835599577
572,Honda,2021,petrol-electric,156.39417475728155
573,Hummer,2018,petrol,449.8
574,Hyundai,2015,diesel,171.98510328068045
575,Hyundai,2015,diesel-electric,169.39999999999998
576,Hyundai,2015,electric,0.0
577,Hyundai,2015,lpg,167.115
578,Hyundai,2015,petrol,180.45058139534885
579,Hyundai,2015,petrol-electric,161.75714285714284
580,Hyundai,2016,diesel,161.8142005754213
581,Hyundai,2016,electric,0.0
582,Hyundai,2016,lpg,159.11358024691359
583,Hyundai,2016,petrol,166.59009818257783
584,Hyundai,2016,petrol-electric,102.7
585,Hyundai,2017,diesel,162.6717365629496
586,Hyundai,2017,electric,0.0
587,Hyundai,2017,lpg,136.7333931777379
588,Hyundai,2017,petrol,157.7249574987065
589,Hyundai,2017,petrol-electric,36.736639118457305
590,Hyundai,2018,diesel,159.83845345702508
591,Hyundai,2018,electric,0.0
592,Hyundai,2018,lpg,158.98604936110627
593,Hyundai,2018,petrol,159.1061745572512
594,Hyundai,2018,petrol-electric,33.900797984040324
595,Hyundai,2019,diesel,140.57469725169804
596,Hyundai,2019,diesel-electric,145.09375
597,Hyundai,2019,electric,0.0
598,Hyundai,2019,lpg,110.82454545454546
599,Hyundai,2019,petrol,130.22799077418512
600,Hyundai,2019,petrol-electric,33.495554110618926
601,Hyundai,2020,diesel,140.57469725169804
602,Hyundai,2020,diesel-electric,145.09375
603,Hyundai,2020,electric,0.0
604,Hyundai,2020,lpg,110.82454545454546
605,Hyundai,2020,petrol,130.22799077418512
606,Hyundai,2020,petrol-electric,33.495554110618926
607,Hyundai,2021,diesel,140.57469725169804
608,Hyundai,2021,diesel-electric,145.09375
609,Hyundai,2021,electric,0.0
610,Hyundai,2021,lpg,110.82454545454546
611,Hyundai,2021,petrol,130.22799077418512
612,Hyundai,2021,petrol-electric,33.495554110618926
613,IVECO,2015,diesel,289.57500000000005
614,IVECO,2015,petrol,481.0
615,IVECO,2016,diesel,285.178947368421
616,IVECO,2017,diesel,278.6333333333333
617,IVECO,2018,diesel,271.7
618,Infiniti,2015,diesel,192.22479784366578
619,Infiniti,2015,petrol,247.44040816326532
620,Infiniti,2015,petrol-electric,197.27499999999998
621,Infiniti,2016,diesel,168.72968253968256
622,Infiniti,2016,petrol,226.62491909385116
623,Infiniti,2017,diesel,162.19899814471245
624,Infiniti,2017,petrol,212.0472906403941
625,Infiniti,2017,petrol-electric,200.63333333333333
626,Infiniti,2018,diesel,155.6933142037303
627,Infiniti,2018,petrol,239.67469791285242
628,JAC,2019,electric,0.0
629,JAC,2020,electric,0.0
630,JAC,2021,electric,0.0
631,Jaguar,2015,diesel,176.75170682730925
632,Jaguar,2015,diesel-electric,167.70000000000002
633,Jaguar,2015,petrol,282.2953551912569
634,Jaguar,2015,petrol-electric,245.7
635,Jaguar,2016,diesel,171.03992878942014
636,Jaguar,2016,petrol,271.5185064935065
637,Jaguar,2017,diesel,169.9351286654698
638,Jaguar,2017,petrol,239.45434447300772
639,Jaguar,2018,diesel,180.47596662923152
640,Jaguar,2018,electric,0.0
641,Jaguar,2018,petrol,222.39258319962732
642,Jaguar,2019,diesel,170.6273226598107
643,Jaguar,2019,diesel-electric,170.22222222222223
644,Jaguar,2019,e85,210.59288537549406
645,Jaguar,2019,electric,0.0
646,Jaguar,2019,petrol,210.49076510721247
647,Jaguar,2019,petrol-electric,68.73025936599424
648,Jaguar,2020,diesel,170.6273226598107
649,Jaguar,2020,diesel-electric,170.22222222222223
650,Jaguar,2020,e85,210.59288537549406
651,Jaguar,2020,electric,0.0
652,Jaguar,2020,petrol,210.49076510721247
653,Jaguar,2020,petrol-electric,68.73025936599424
654,Jaguar,2021,diesel,170.6273226598107
655,Jaguar,2021,diesel-electric,170.22222222222223
656,Jaguar,2021,e85,210.59288537549406
657,Jaguar,2021,electric,0.0
658,Jaguar,2021,petrol,210.49076510721247
659,Jaguar,2021,petrol-electric,68.73025936599424
660,Jeep,2015,diesel,204.45725190839696
661,Jeep,2015,e85,317.2
662,Jeep,2015,petrol,245.63449612403102
663,Jeep,2016,diesel,196.31706036745408
664,Jeep,2016,e85,317.2
665,Jeep,2016,petrol,242.39482401656315
666,Jeep,2017,diesel,179.1016137636703
667,Jeep,2017,e85,282.6942857142857
668,Jeep,2017,lpg,192.4
669,Jeep,2017,petrol,207.5570717750964
670,Jeep,2018,diesel,183.82306958098692
671,Jeep,2018,lpg,192.96727272727273
672,Jeep,2018,petrol,202.79421099030267
673,Jeep,2019,diesel,141.10426298116695
674,Jeep,2019,diesel-electric,168.8
675,Jeep,2019,e85,164.0
676,Jeep,2019,electric,0.0
677,Jeep,2019,lpg,152.57142857142858
678,Jeep,2019,petrol,161.25367683742093
679,Jeep,2019,petrol-electric,114.08866303366655
680,Jeep,2020,diesel,141.10426298116695
681,Jeep,2020,diesel-electric,168.8
682,Jeep,2020,e85,164.0
683,Jeep,2020,electric,0.0
684,Jeep,2020,lpg,152.57142857142858
685,Jeep,2020,petrol,161.25367683742093
686,Jeep,2020,petrol-electric,114.08866303366655
687,Jeep,2021,diesel,141.10426298116695
688,Jeep,2021,diesel-electric,168.8
689,Jeep,2021,e85,164.0
690,Jeep,2021,electric,0.0
691,Jeep,2021,lpg,152.57142857142858
692,Jeep,2021,petrol,161.25367683742093
693,Jeep,2021,petrol-electric,114.08866303366655
694,KEAT,2019,ng,101.0
695,KEAT,2020,ng,101.0
696,KEAT,2021,ng,101.0
697,KTM,2015,petrol,246.5272727272727
698,KTM,2016,petrol,249.24545454545452
699,KTM,2017,petrol,250.51
700,KTM,2018,petrol,256.43050847457624
701,KTM,2019,petrol,190.0
702,KTM,2020,petrol,190.0
703,KTM,2021,petrol,190.0
704,Kia,2015,diesel,169.93111720356407
705,Kia,2015,electric,0.0
706,Kia,2015,lpg,140.34347826086957
707,Kia,2015,petrol,176.62822185970637
708,Kia,2015,petrol-electric,152.96666666666667
709,Kia,2016,diesel,161.75070487635776
710,Kia,2016,diesel-electric,55.900000000000006
711,Kia,2016,electric,0.0
712,Kia,2016,lpg,157.34521739130435
713,Kia,2016,ng-biomethane,149.5
714,Kia,2016,petrol,171.7380281690141
715,Kia,2016,petrol-electric,51.054545454545455
716,Kia,2017,diesel,160.03132223611203
717,Kia,2017,electric,0.0
718,Kia,2017,lpg,141.50310559006215
719,Kia,2017,petrol,150.50199420036364
720,Kia,2017,petrol-electric,44.47149390243903
721,Kia,2018,diesel,159.20711066599898
722,Kia,2018,electric,0.0
723,Kia,2018,lpg,144.20781624500665
724,Kia,2018,petrol,157.65095126482066
725,Kia,2018,petrol-electric,39.21897925376666
726,Kia,2019,diesel,146.02081772406848
727,Kia,2019,diesel-electric,162.51243781094527
728,Kia,2019,electric,0.0
729,Kia,2019,lpg,128.4070564516129
730,Kia,2019,other,100.36071428571428
731,Kia,2019,petrol,131.6764110883153
732,Kia,2019,petrol-electric,35.6517649536647
733,Kia,2020,diesel,146.02081772406848
734,Kia,2020,diesel-electric,162.51243781094527
735,Kia,2020,electric,0.0
736,Kia,2020,lpg,128.4070564516129
737,Kia,2020,other,100.36071428571428
738,Kia,2020,petrol,131.6764110883153
739,Kia,2020,petrol-electric,35.6517649536647
740,Kia,2021,diesel,146.02081772406848
741,Kia,2021,diesel-electric,162.51243781094527
742,Kia,2021,electric,0.0
743,Kia,2021,lpg,128.4070564516129
744,Kia,2021,other,100.36071428571428
745,Kia,2021,petrol,131.6764110883153
746,Kia,2021,petrol-electric,35.6517649536647
747,Koenigsegg,2016,petrol,489.6666666666667
748,Koenigsegg,2017,petrol,495.3
749,Koenigsegg,2019,petrol,381.0
750,Koenigsegg,2020,petrol,381.0
751,Koenigsegg,2021,petrol,381.0
752,Lada,2015,lpg,228.61428571428573
753,Lada,2015,petrol,259.2447619047619
754,Lada,2016,lpg,266.5
755,Lada,2016,petrol,223.65200000000002
756,Lada,2017,petrol,247.7625909752547
757,Lada,2018,lpg,251.99200000000002
758,Lada,2018,petrol,244.42177189409372
759,Lada,2019,petrol,237.37347294938917
760,Lada,2020,petrol,237.37347294938917
761,Lada,2021,petrol,237.37347294938917
762,Lamborghini,2015,petrol,427.27426900584794
763,Lamborghini,2016,petrol,410.8909090909091
764,Lamborghini,2017,petrol,412.97583081570997
765,Lamborghini,2018,petrol,434.38056478405315
766,Lamborghini,2019,petrol,349.20289968652037
767,Lamborghini,2020,petrol,349.20289968652037
768,Lamborghini,2021,petrol,349.20289968652037
769,Lancia,2015,diesel,205.19095477386935
770,Lancia,2015,lpg,148.79090909090908
771,Lancia,2015,ng-biomethane,111.8
772,Lancia,2015,petrol,157.0644927536232
773,Lancia,2016,diesel,165.5193548387097
774,Lancia,2016,lpg,147.7357142857143
775,Lancia,2016,ng-biomethane,111.8
776,Lancia,2016,petrol,152.28870967741935
777,Lancia,2017,diesel,139.48999999999998
778,Lancia,2017,lpg,146.64000000000001
779,Lancia,2017,ng-biomethane,111.8
780,Lancia,2017,petrol,155.3859778597786
781,Lancia,2018,diesel,123.63686322939178
782,Lancia,2018,lpg,138.1485087248876
783,Lancia,2018,ng,117.76139053254437
784,Lancia,2018,petrol,152.0035259608697
785,Lancia,2019,lpg,123.73599849141995
786,Lancia,2019,ng-biomethane,112.65423728813559
787,Lancia,2019,petrol,119.59290303815543
788,Lancia,2020,lpg,123.73599849141995
789,Lancia,2020,ng-biomethane,112.65423728813559
790,Lancia,2020,petrol,119.59290303815543
791,Lancia,2021,lpg,123.73599849141995
792,Lancia,2021,ng-biomethane,112.65423728813559
793,Lancia,2021,petrol,119.59290303815543
794,Lexus,2015,diesel,151.775
795,Lexus,2015,petrol,169.23818630475017
796,Lexus,2015,petrol-electric,153.61666666666667
797,Lexus,2016,petrol,169.38851711026615
798,Lexus,2017,petrol,162.65338022104206
799,Lexus,2017,petrol-electric,155.48
800,Lexus,2018,petrol,156.70268683012773
801,Lexus,2019,diesel,157.0
802,Lexus,2019,electric,0.0
803,Lexus,2019,petrol,147.13381732719486
804,Lexus,2019,petrol-electric,97.125
805,Lexus,2020,diesel,157.0
806,Lexus,2020,electric,0.0
807,Lexus,2020,petrol,147.13381732719486
808,Lexus,2020,petrol-electric,97.125
809,Lexus,2021,diesel,157.0
810,Lexus,2021,electric,0.0
811,Lexus,2021,petrol,147.13381732719486
812,Lexus,2021,petrol-electric,97.125
813,Lotus,2015,petrol,266.4133333333333
814,Lotus,2016,petrol,268.3148
815,Lotus,2017,petrol,264.78636363636366
816,Lotus,2018,diesel,230.0
817,Lotus,2018,petrol,265.20604719764015
818,Lotus,2019,petrol,202.61349693251535
819,Lotus,2020,petrol,202.61349693251535
820,Lotus,2021,petrol,202.61349693251535
821,Lynk & Co,2019,petrol,150.46706586826346
822,Lynk & Co,2019,petrol-electric,27.005720237141485
823,Lynk & Co,2020,petrol,150.46706586826346
824,Lynk & Co,2020,petrol-electric,27.005720237141485
825,Lynk & Co,2021,petrol,150.46706586826346
826,Lynk & Co,2021,petrol-electric,27.005720237141485
827,MAN,2015,petrol,368.55
828,MAN,2016,electric,0.0
829,MAN,2017,diesel,254.28000000000003
830,MAN,2018,diesel,253.92391304347825
831,MAN,2019,diesel,270.51851851851853
832,MAN,2019,electric,0.0
833,MAN,2020,diesel,270.51851851851853
834,MAN,2020,electric,0.0
835,MAN,2021,diesel,270.51851851851853
836,MAN,2021,electric,0.0
837,Maserati,2015,diesel,208.31416666666667
838,Maserati,2015,petrol,373.14482758620693
839,Maserati,2016,biodiesel,245.69999999999996
840,Maserati,2016,diesel,220.41333333333333
841,Maserati,2016,petrol,345.5165109034268
842,Maserati,2017,diesel,232.3623880597015
843,Maserati,2017,petrol,323.3415637860083
844,Maserati,2018,diesel,232.33223243109015
845,Maserati,2018,petrol,323.34491638795987
846,Maserati,2019,diesel,238.01098901098902
847,Maserati,2019,petrol,263.66112216474335
848,Maserati,2019,petrol-electric,205.05405405405406
849,Maserati,2020,diesel,238.01098901098902
850,Maserati,2020,petrol,263.66112216474335
851,Maserati,2020,petrol-electric,205.05405405405406
852,Maserati,2021,diesel,238.01098901098902
853,Maserati,2021,petrol,263.66112216474335
854,Maserati,2021,petrol-electric,205.05405405405406
855,Maxus,2019,electric,0.0
856,Maxus,2020,electric,0.0
857,Maxus,2021,electric,0.0
858,Mazda,2015,diesel,160.88303886925794
859,Mazda,2015,lpg,339.3
860,Mazda,2015,petrol,171.7467741935484
861,Mazda,2016,diesel,155.94560874481718
862,Mazda,2016,lpg,217.8090909090909
863,Mazda,2016,petrol,168.46479357798168
864,Mazda,2017,diesel,159.70999611046287
865,Mazda,2017,petrol,173.7811723886048
866,Mazda,2018,diesel,165.96640753828032
867,Mazda,2018,lpg,199.33333333333334
868,Mazda,2018,petrol,168.35912415583272
869,Mazda,2019,diesel,162.58529567519858
870,Mazda,2019,electric,0.0
871,Mazda,2019,petrol,141.95275508540584
872,Mazda,2019,petrol-electric,120.0
873,Mazda,2020,diesel,162.58529567519858
874,Mazda,2020,electric,0.0
875,Mazda,2020,petrol,141.95275508540584
876,Mazda,2020,petrol-electric,120.0
877,Mazda,2021,diesel,162.58529567519858
878,Mazda,2021,electric,0.0
879,Mazda,2021,petrol,141.95275508540584
880,Mazda,2021,petrol-electric,120.0
881,McLaren,2015,petrol,355.815306122449
882,McLaren,2015,petrol-electric,252.2
883,McLaren,2016,petrol,340.19190938511326
884,McLaren,2017,petrol,329.02006269592476
885,McLaren,2018,petrol,318.8393684210526
886,McLaren,2019,diesel,289.0
887,McLaren,2019,petrol,277.422131147541
888,McLaren,2020,diesel,289.0
889,McLaren,2020,petrol,277.422131147541
890,McLaren,2021,diesel,289.0
891,McLaren,2021,petrol,277.422131147541
892,Mercedes,2015,biodiesel,243.1
893,Mercedes,2015,diesel,179.24335628479344
894,Mercedes,2015,electric,0.0
895,Mercedes,2015,ng-biomethane,163.66643835616438
896,Mercedes,2015,petrol,212.19399785637728
897,Mercedes,2015,petrol-electric,76.86333333333333
898,Mercedes,2016,biodiesel,231.0811320754717
899,Mercedes,2016,diesel,178.25480694392743
900,Mercedes,2016,electric,0.0
901,Mercedes,2016,lpg,198.9
902,Mercedes,2016,ng-biomethane,174.24684684684686
903,Mercedes,2016,petrol,210.02100689655174
904,Mercedes,2016,petrol-electric,79.16244411326379
905,Mercedes,2017,diesel,160.89681444839766
906,Mercedes,2017,diesel-electric,132.79758522727272
907,Mercedes,2017,electric,0.0
908,Mercedes,2017,ng-biomethane,189.76454545454544
909,Mercedes,2017,petrol,193.2602981583247
910,Mercedes,2017,petrol-electric,78.71452784503633
911,Mercedes,2018,diesel,165.94892354543245
912,Mercedes,2018,diesel-electric,154.4
913,Mercedes,2018,electric,0.0
914,Mercedes,2018,ng,226.46
915,Mercedes,2018,petrol,187.5574453134936
916,Mercedes,2018,petrol-electric,75.11448880072734
917,Mercedes,2019,diesel,162.03319184747122
918,Mercedes,2019,diesel-electric,37.89828648670139
919,Mercedes,2019,electric,0.0
920,Mercedes,2019,lpg,141.74025974025975
921,Mercedes,2019,ng,26.0
922,Mercedes,2019,other,136.76279069767443
923,Mercedes,2019,petrol,177.02790377684482
924,Mercedes,2019,petrol-electric,33.3296117865293
925,Mercedes,2020,diesel,162.03319184747122
926,Mercedes,2020,diesel-electric,37.89828648670139
927,Mercedes,2020,electric,0.0
928,Mercedes,2020,lpg,141.74025974025975
929,Mercedes,2020,ng,26.0
930,Mercedes,2020,other,136.76279069767443
931,Mercedes,2020,petrol,177.02790377684482
932,Mercedes,2020,petrol-electric,33.3296117865293
933,Mercedes,2021,diesel,162.03319184747122
934,Mercedes,2021,diesel-electric,37.89828648670139
935,Mercedes,2021,electric,0.0
936,Mercedes,2021,lpg,141.74025974025975
937,Mercedes,2021,ng,26.0
938,Mercedes,2021,other,136.76279069767443
939,Mercedes,2021,petrol,177.02790377684482
940,Mercedes,2021,petrol-electric,33.3296117865293
941,Mini,2015,diesel,145.81778465772274
942,Mini,2015,petrol,169.23566502463055
943,Mini,2016,diesel,143.21541786743515
944,Mini,2016,petrol,165.41841851494695
945,Mini,2017,diesel,137.91065694325286
946,Mini,2017,petrol,157.42344213649852
947,Mini,2017,petrol-electric,65.05727272727273
948,Mini,2018,diesel,139.02372920164862
949,Mini,2018,petrol,155.8349374718793
950,Mini,2018,petrol-electric,69.75524756665256
951,Mini,2019,diesel,135.83093381323735
952,Mini,2019,electric,0.0
953,Mini,2019,petrol,137.5028873100939
954,Mini,2019,petrol-electric,42.352693517297354
955,Mini,2020,diesel,135.83093381323735
956,Mini,2020,electric,0.0
957,Mini,2020,petrol,137.5028873100939
958,Mini,2020,petrol-electric,42.352693517297354
959,Mini,2021,diesel,135.83093381323735
960,Mini,2021,electric,0.0
961,Mini,2021,petrol,137.5028873100939
962,Mini,2021,petrol-electric,42.352693517297354
963,Mitsubishi,2015,diesel,204.0129064039409
964,Mitsubishi,2015,electric,0.0
965,Mitsubishi,2015,lpg,162.04117647058823
966,Mitsubishi,2015,petrol,168.6973544973545
967,Mitsubishi,2015,petrol-electric,56.29
968,Mitsubishi,2016,diesel,208.43650793650792
969,Mitsubishi,2016,electric,0.0
970,Mitsubishi,2016,lpg,168.56666666666666
971,Mitsubishi,2016,petrol,163.18964326812426
972,Mitsubishi,2016,petrol-electric,55.1824
973,Mitsubishi,2017,diesel,197.39844162704702
974,Mitsubishi,2017,electric,0.0
975,Mitsubishi,2017,lpg,146.7375
976,Mitsubishi,2017,petrol,158.53442805799975
977,Mitsubishi,2017,petrol-electric,53.50128205128205
978,Mitsubishi,2018,diesel,212.67475566287226
979,Mitsubishi,2018,electric,0.0
980,Mitsubishi,2018,lpg,169.45830508474577
981,Mitsubishi,2018,petrol,157.4014949102627
982,Mitsubishi,2018,petrol-electric,49.71729417933927
983,Mitsubishi,2019,diesel,196.4320987654321
984,Mitsubishi,2019,diesel-electric,46.0
985,Mitsubishi,2019,electric,0.0
986,Mitsubishi,2019,lpg,131.11428571428573
987,Mitsubishi,2019,petrol,131.40761076861665
988,Mitsubishi,2019,petrol-electric,46.016623389593526
989,Mitsubishi,2020,diesel,196.4320987654321
990,Mitsubishi,2020,diesel-electric,46.0
991,Mitsubishi,2020,electric,0.0
992,Mitsubishi,2020,lpg,131.11428571428573
993,Mitsubishi,2020,petrol,131.40761076861665
994,Mitsubishi,2020,petrol-electric,46.016623389593526
995,Mitsubishi,2021,diesel,196.4320987654321
996,Mitsubishi,2021,diesel-electric,46.0
997,Mitsubishi,2021,electric,0.0
998,Mitsubishi,2021,lpg,131.11428571428573
999,Mitsubishi,2021,petrol,131.40761076861665
1000,Mitsubishi,2021,petrol-electric,46.016623389593526
1001,Morgan,2015,petrol,259.696992481203
1002,Morgan,2016,petrol,260.24640522875814
1003,Morgan,2017,petrol,256.68564356435644
1004,Morgan,2018,petrol,251.9663656884876
1005,Morgan,2019,petrol,168.67052023121389
1006,Morgan,2020,petrol,168.67052023121389
1007,Morgan,2021,petrol,168.67052023121389
1008,Nissan,2015,diesel,157.05466437915504
1009,Nissan,2015,electric,0.0
1010,Nissan,2015,lpg,134.5
1011,Nissan,2015,petrol,172.60614689709348
1012,Nissan,2016,diesel,154.70417168070597
1013,Nissan,2016,electric,0.0
1014,Nissan,2016,lpg,145.20434782608697
1015,Nissan,2016,ng-biomethane,219.7
1016,Nissan,2016,petrol,172.53311335403725
1017,Nissan,2017,diesel,148.2436703545478
1018,Nissan,2017,electric,0.0
1019,Nissan,2017,lpg,155.22
1020,Nissan,2017,petrol,162.36628949721782
1021,Nissan,2018,diesel,148.23745119254835
1022,Nissan,2018,electric,0.0
1023,Nissan,2018,lpg,159.85435342606903
1024,Nissan,2018,petrol,163.7337530795518
1025,Nissan,2019,diesel,153.9650979177955
1026,Nissan,2019,electric,0.0
1027,Nissan,2019,lpg,115.5938566552901
1028,Nissan,2019,petrol,140.76294633204077
1029,Nissan,2019,petrol-electric,144.0
1030,Nissan,2020,diesel,153.9650979177955
1031,Nissan,2020,electric,0.0
1032,Nissan,2020,lpg,115.5938566552901
1033,Nissan,2020,petrol,140.76294633204077
1034,Nissan,2020,petrol-electric,144.0
1035,Nissan,2021,diesel,153.9650979177955
1036,Nissan,2021,electric,0.0
1037,Nissan,2021,lpg,115.5938566552901
1038,Nissan,2021,petrol,140.76294633204077
1039,Nissan,2021,petrol-electric,144.0
1040,Opel,2015,diesel,162.50380422854636
1041,Opel,2015,lpg,161.62795941375424
1042,Opel,2015,ng-biomethane,172.93823529411767
1043,Opel,2015,petrol,180.5685842186143
1044,Opel,2015,petrol-electric,35.1
1045,Opel,2016,diesel,153.61044520547946
1046,Opel,2016,lpg,166.43006607929516
1047,Opel,2016,ng-biomethane,175.6777777777778
1048,Opel,2016,petrol,168.7610190720182
1049,Opel,2016,petrol-electric,35.1
1050,Opel,2017,diesel,148.6730454448901
1051,Opel,2017,electric,0.0
1052,Opel,2017,lpg,176.0230806687226
1053,Opel,2017,ng-biomethane,173.7202380952381
1054,Opel,2017,petrol,160.4977586035902
1055,Opel,2018,diesel,150.86562078096662
1056,Opel,2018,electric,0.0
1057,Opel,2018,lpg,156.96150549867275
1058,Opel,2018,ng,151.92569887199608
1059,Opel,2018,petrol,159.15199342841655
1060,Opel,2019,diesel,130.63889132069542
1061,Opel,2019,diesel-electric,129.0
1062,Opel,2019,electric,0.0
1063,Opel,2019,lpg,130.33333333333334
1064,Opel,2019,other,126.96261682242991
1065,Opel,2019,petrol,127.2537065508914
1066,Opel,2019,petrol-electric,32.37829080599433
1067,Opel,2020,diesel,130.63889132069542
1068,Opel,2020,diesel-electric,129.0
1069,Opel,2020,electric,0.0
1070,Opel,2020,lpg,130.33333333333334
1071,Opel,2020,other,126.96261682242991
1072,Opel,2020,petrol,127.2537065508914
1073,Opel,2020,petrol-electric,32.37829080599433
1074,Opel,2021,diesel,130.63889132069542
1075,Opel,2021,diesel-electric,129.0
1076,Opel,2021,electric,0.0
1077,Opel,2021,lpg,130.33333333333334
1078,Opel,2021,other,126.96261682242991
1079,Opel,2021,petrol,127.2537065508914
1080,Opel,2021,petrol-electric,32.37829080599433
1081,Pagani,2015,petrol,453.7
1082,Pagani,2016,petrol,445.9
1083,Pagani,2017,petrol,445.9
1084,Pagani,2019,petrol,360.25
1085,Pagani,2020,petrol,360.25
1086,Pagani,2021,petrol,360.25
1087,Peugeot,2015,diesel,149.69475946042735
1088,Peugeot,2015,diesel-electric,131.3
1089,Peugeot,2015,electric,0.0
1090,Peugeot,2015,lpg,162.12857142857143
1091,Peugeot,2015,petrol,149.09663920208155
1092,Peugeot,2016,diesel,140.2867001716107
1093,Peugeot,2016,diesel-electric,141.70000000000002
1094,Peugeot,2016,electric,0.0
1095,Peugeot,2016,lpg,152.1342105263158
1096,Peugeot,2016,petrol,143.95313568985176
1097,Peugeot,2017,diesel,129.94823470674413
1098,Peugeot,2017,diesel-electric,139.425
1099,Peugeot,2017,electric,0.0
1100,Peugeot,2017,lpg,138.62727272727273
1101,Peugeot,2017,petrol,140.37843770753685
1102,Peugeot,2018,diesel,136.9133104588526
1103,Peugeot,2018,electric,0.0
1104,Peugeot,2018,lpg,146.34318996415772
1105,Peugeot,2018,petrol,141.77748970258898
1106,Peugeot,2019,diesel,127.15267583889215
1107,Peugeot,2019,diesel-electric,126.0
1108,Peugeot,2019,electric,0.0
1109,Peugeot,2019,lpg,135.83333333333334
1110,Peugeot,2019,other,125.19
1111,Peugeot,2019,petrol,127.46815987529382
1112,Peugeot,2019,petrol-electric,32.855587424906275
1113,Peugeot,2020,diesel,127.15267583889215
1114,Peugeot,2020,diesel-electric,126.0
1115,Peugeot,2020,electric,0.0
1116,Peugeot,2020,lpg,135.83333333333334
1117,Peugeot,2020,other,125.19
1118,Peugeot,2020,petrol,127.46815987529382
1119,Peugeot,2020,petrol-electric,32.855587424906275
1120,Peugeot,2021,diesel,127.15267583889215
1121,Peugeot,2021,diesel-electric,126.0
1122,Peugeot,2021,electric,0.0
1123,Peugeot,2021,lpg,135.83333333333334
1124,Peugeot,2021,other,125.19
1125,Peugeot,2021,petrol,127.46815987529382
1126,Peugeot,2021,petrol-electric,32.855587424906275
1127,Polestar,2019,electric,0.0
1128,Polestar,2019,petrol-electric,16.28813559322034
1129,Polestar,2020,electric,0.0
1130,Polestar,2020,petrol-electric,16.28813559322034
1131,Polestar,2021,electric,0.0
1132,Polestar,2021,petrol-electric,16.28813559322034
1133,Porsche,2015,diesel,222.75322061191628
1134,Porsche,2015,petrol,279.87432696059307
1135,Porsche,2015,petrol-electric,99.65446009389672
1136,Porsche,2016,diesel,223.94687753446877
1137,Porsche,2016,petrol,265.4740148698885
1138,Porsche,2016,petrol-electric,99.94431137724551
1139,Porsche,2017,diesel,222.4860933911712
1140,Porsche,2017,e85,217.1
1141,Porsche,2017,petrol,247.5974739970282
1142,Porsche,2017,petrol-electric,84.59029879705083
1143,Porsche,2018,diesel,217.10388375882673
1144,Porsche,2018,e85,221.86666666666667
1145,Porsche,2018,petrol,260.9569909019216
1146,Porsche,2018,petrol-electric,82.87307643873567
1147,Porsche,2019,diesel,219.7
1148,Porsche,2019,electric,0.0
1149,Porsche,2019,other,50.0
1150,Porsche,2019,petrol,245.96404617110468
1151,Porsche,2019,petrol-electric,70.47950224680262
1152,Porsche,2020,diesel,219.7
1153,Porsche,2020,electric,0.0
1154,Porsche,2020,other,50.0
1155,Porsche,2020,petrol,245.96404617110468
1156,Porsche,2020,petrol-electric,70.47950224680262
1157,Porsche,2021,diesel,219.7
1158,Porsche,2021,electric,0.0
1159,Porsche,2021,other,50.0
1160,Porsche,2021,petrol,245.96404617110468
1161,Porsche,2021,petrol-electric,70.47950224680262
1162,Renault,2015,diesel,147.65921583555388
1163,Renault,2015,electric,0.0
1164,Renault,2015,lpg,165.35161290322583
1165,Renault,2015,petrol,161.17936253999508
1166,Renault,2016,diesel,143.3865929265887
1167,Renault,2016,electric,0.0
1168,Renault,2016,lpg,167.34110429447853
1169,Renault,2016,petrol,156.9570789865872
1170,Renault,2017,diesel,130.22970332419874
1171,Renault,2017,diesel-electric,122.2
1172,Renault,2017,e85,147.55
1173,Renault,2017,electric,0.0
1174,Renault,2017,lpg,152.98947368421054
1175,Renault,2017,petrol,152.37353543438385
1176,Renault,2018,diesel,133.58518520054753
1177,Renault,2018,electric,0.0
1178,Renault,2018,lpg,125.80694284152341
1179,Renault,2018,petrol,149.89506950761108
1180,Renault,2019,diesel,132.63218843861628
1181,Renault,2019,electric,0.0
1182,Renault,2019,lpg,115.08832886595356
1183,Renault,2019,ng-biomethane,114.60837595907928
1184,Renault,2019,other,135.0
1185,Renault,2019,petrol,124.4234849984956
1186,Renault,2019,petrol-electric,32.90881869035867
1187,Renault,2020,diesel,132.63218843861628
1188,Renault,2020,electric,0.0
1189,Renault,2020,lpg,115.08832886595356
1190,Renault,2020,ng-biomethane,114.60837595907928
1191,Renault,2020,other,135.0
1192,Renault,2020,petrol,124.4234849984956
1193,Renault,2020,petrol-electric,32.90881869035867
1194,Renault,2021,diesel,132.63218843861628
1195,Renault,2021,electric,0.0
1196,Renault,2021,lpg,115.08832886595356
1197,Renault,2021,ng-biomethane,114.60837595907928
1198,Renault,2021,other,135.0
1199,Renault,2021,petrol,124.4234849984956
1200,Renault,2021,petrol-electric,32.90881869035867
1201,Rolls Royce,2015,petrol,434.537037037037
1202,Rolls Royce,2016,petrol,433.18108108108106
1203,Rolls Royce,2017,petrol,428.2086956521739
1204,Rolls Royce,2018,petrol,415.42144
1205,Rolls Royce,2019,petrol,365.234309623431
1206,Rolls Royce,2020,petrol,365.234309623431
1207,Rolls Royce,2021,petrol,365.234309623431
1208,Rover,2015,diesel,208.75833333333333
1209,Rover,2017,diesel,220.42222222222222
1210,Rover,2017,petrol,388.7
1211,Rover,2018,diesel,134.3777108433735
1212,Rover,2019,diesel,206.7
1213,Rover,2020,diesel,206.7
1214,Rover,2021,diesel,206.7
1215,Saab,2015,diesel,232.7
1216,Saab,2015,petrol,263.90000000000003
1217,Saab,2016,diesel,219.7
1218,Saab,2017,diesel,216.45
1219,Scania,2015,diesel,247.0
1220,Scania,2018,diesel,222.73333333333335
1221,Seat,2015,diesel,156.08444881889764
1222,Seat,2015,lpg,226.2
1223,Seat,2015,ng-biomethane,147.82589928057556
1224,Seat,2015,petrol,159.22781089135734
1225,Seat,2016,diesel,156.71170725354864
1226,Seat,2016,lpg,155.96578947368423
1227,Seat,2016,ng-biomethane,153.35112781954888
1228,Seat,2016,petrol,157.3216666666667
1229,Seat,2017,diesel,152.3685382012297
1230,Seat,2017,ng-biomethane,126.7061797752809
1231,Seat,2017,petrol,149.96992007204773
1232,Seat,2018,diesel,150.7894857925788
1233,Seat,2018,lpg,137.36666666666667
1234,Seat,2018,ng,155.51394388664727
1235,Seat,2018,petrol,150.15623157574836
1236,Seat,2019,diesel,135.7597536324939
1237,Seat,2019,diesel-electric,27.0
1238,Seat,2019,electric,0.0
1239,Seat,2019,lpg,113.0
1240,Seat,2019,ng,104.56432021074198
1241,Seat,2019,ng-biomethane,150.41666666666666
1242,Seat,2019,petrol,133.4767771865193
1243,Seat,2019,petrol-electric,31.579214871391667
1244,Seat,2020,diesel,135.7597536324939
1245,Seat,2020,diesel-electric,27.0
1246,Seat,2020,electric,0.0
1247,Seat,2020,lpg,113.0
1248,Seat,2020,ng,104.56432021074198
1249,Seat,2020,ng-biomethane,150.41666666666666
1250,Seat,2020,petrol,133.4767771865193
1251,Seat,2020,petrol-electric,31.579214871391667
1252,Seat,2021,diesel,135.7597536324939
1253,Seat,2021,diesel-electric,27.0
1254,Seat,2021,electric,0.0
1255,Seat,2021,lpg,113.0
1256,Seat,2021,ng,104.56432021074198
1257,Seat,2021,ng-biomethane,150.41666666666666
1258,Seat,2021,petrol,133.4767771865193
1259,Seat,2021,petrol-electric,31.579214871391667
1260,Skoda,2015,diesel,150.3368215653682
1261,Skoda,2015,lpg,164.06
1262,Skoda,2015,ng-biomethane,124.51176470588234
1263,Skoda,2015,petrol,160.86163667437418
1264,Skoda,2016,diesel,145.82825760017187
1265,Skoda,2016,lpg,141.23904382470118
1266,Skoda,2016,ng-biomethane,130.71255230125522
1267,Skoda,2016,petrol,155.12701265210734
1268,Skoda,2017,diesel,150.23066940681565
1269,Skoda,2017,lpg,131.3031137724551
1270,Skoda,2017,ng-biomethane,128.34000631512473
1271,Skoda,2017,petrol,147.83570940194795
1272,Skoda,2018,diesel,155.8198295912817
1273,Skoda,2018,ng,127.99928850446429
1274,Skoda,2018,petrol,147.62270874762353
1275,Skoda,2019,diesel,137.31249374099082
1276,Skoda,2019,electric,0.0
1277,Skoda,2019,lpg,121.98941798941799
1278,Skoda,2019,ng,102.60249140094822
1279,Skoda,2019,ng-biomethane,99.8
1280,Skoda,2019,petrol,132.88157492957544
1281,Skoda,2019,petrol-electric,26.818355011476665
1282,Skoda,2020,diesel,137.31249374099082
1283,Skoda,2020,electric,0.0
1284,Skoda,2020,lpg,121.98941798941799
1285,Skoda,2020,ng,102.60249140094822
1286,Skoda,2020,ng-biomethane,99.8
1287,Skoda,2020,petrol,132.88157492957544
1288,Skoda,2020,petrol-electric,26.818355011476665
1289,Skoda,2021,diesel,137.31249374099082
1290,Skoda,2021,electric,0.0
1291,Skoda,2021,lpg,121.98941798941799
1292,Skoda,2021,ng,102.60249140094822
1293,Skoda,2021,ng-biomethane,99.8
1294,Skoda,2021,petrol,132.88157492957544
1295,Skoda,2021,petrol-electric,26.818355011476665
1296,Skywell,2019,electric,0.0
1297,Skywell,2020,electric,0.0
1298,Skywell,2021,electric,0.0
1299,Smart,2015,diesel,115.05
1300,Smart,2015,electric,0.0
1301,Smart,2015,petrol,126.78133748055988
1302,Smart,2016,diesel,121.27142857142859
1303,Smart,2016,electric,0.0
1304,Smart,2016,petrol,126.43450998606596
1305,Smart,2017,diesel,147.08571428571426
1306,Smart,2017,electric,0.0
1307,Smart,2017,petrol,126.06221206810216
1308,Smart,2018,diesel,114.92
1309,Smart,2018,electric,0.0
1310,Smart,2018,lpg,122.2
1311,Smart,2018,petrol,129.4462810113654
1312,Smart,2019,electric,0.0
1313,Smart,2019,petrol,131.66666666666666
1314,Smart,2020,electric,0.0
1315,Smart,2020,petrol,131.66666666666666
1316,Smart,2021,electric,0.0
1317,Smart,2021,petrol,131.66666666666666
1318,SsangYong,2015,diesel,231.6371244635193
1319,SsangYong,2015,petrol,220.12325581395348
1320,SsangYong,2016,diesel,212.68619047619046
1321,SsangYong,2016,lpg,221.84499999999997
1322,SsangYong,2016,petrol,216.96349999999998
1323,SsangYong,2017,diesel,191.69356694560668
1324,SsangYong,2017,lpg,219.44
1325,SsangYong,2017,petrol,210.0430031446541
1326,SsangYong,2018,diesel,212.56288913773798
1327,SsangYong,2018,lpg,215.95423728813557
1328,SsangYong,2018,ng,205.99166666666667
1329,SsangYong,2018,petrol,205.6541300877893
1330,SsangYong,2019,diesel,176.3003636363636
1331,SsangYong,2019,electric,0.0
1332,SsangYong,2019,lpg,169.03986710963454
1333,SsangYong,2019,ng-biomethane,178.16666666666666
1334,SsangYong,2019,petrol,172.30368302087487
1335,SsangYong,2020,diesel,176.3003636363636
1336,SsangYong,2020,electric,0.0
1337,SsangYong,2020,lpg,169.03986710963454
1338,SsangYong,2020,ng-biomethane,178.16666666666666
1339,SsangYong,2020,petrol,172.30368302087487
1340,SsangYong,2021,diesel,176.3003636363636
1341,SsangYong,2021,electric,0.0
1342,SsangYong,2021,lpg,169.03986710963454
1343,SsangYong,2021,ng-biomethane,178.16666666666666
1344,SsangYong,2021,petrol,172.30368302087487
1345,Subaru,2015,diesel,200.50448065173114
1346,Subaru,2015,lpg,189.5872727272727
1347,Subaru,2015,ng-biomethane,177.45
1348,Subaru,2015,petrol,216.43047830923248
1349,Subaru,2016,diesel,198.8257142857143
1350,Subaru,2016,lpg,202.1658536585366
1351,Subaru,2016,ng-biomethane,178.1
1352,Subaru,2016,petrol,216.68238341968913
1353,Subaru,2017,diesel,216.27952910398955
1354,Subaru,2017,lpg,199.8829268292683
1355,Subaru,2017,petrol,209.7567222767419
1356,Subaru,2018,diesel,200.98835195530728
1357,Subaru,2018,lpg,194.42222222222222
1358,Subaru,2018,ng,175.5
1359,Subaru,2018,petrol,204.35941666666668
1360,Subaru,2019,e85,193.0
1361,Subaru,2019,lpg,191.69014084507043
1362,Subaru,2019,ng-biomethane,159.0
1363,Subaru,2019,petrol,184.52446433072853
1364,Subaru,2019,petrol-electric,185.0
1365,Subaru,2020,e85,193.0
1366,Subaru,2020,lpg,191.69014084507043
1367,Subaru,2020,ng-biomethane,159.0
1368,Subaru,2020,petrol,184.52446433072853
1369,Subaru,2020,petrol-electric,185.0
1370,Subaru,2021,e85,193.0
1371,Subaru,2021,lpg,191.69014084507043
1372,Subaru,2021,ng-biomethane,159.0
1373,Subaru,2021,petrol,184.52446433072853
1374,Subaru,2021,petrol-electric,185.0
1375,Suzuki,2015,diesel,146.49503386004514
1376,Suzuki,2015,lpg,177.45000000000002
1377,Suzuki,2015,ng-biomethane,128.70000000000002
1378,Suzuki,2015,petrol,166.69140625
1379,Suzuki,2016,diesel,146.60362694300517
1380,Suzuki,2016,lpg,165.75
1381,Suzuki,2016,ng-biomethane,134.76666666666668
1382,Suzuki,2016,petrol,157.35101586418037
1383,Suzuki,2017,diesel,144.69919704861113
1384,Suzuki,2017,lpg,146.9
1385,Suzuki,2017,ng-biomethane,134.76666666666668
1386,Suzuki,2017,petrol,145.0843938891581
1387,Suzuki,2018,diesel,144.04549028417387
1388,Suzuki,2018,lpg,161.65454545454546
1389,Suzuki,2018,ng,134.2025641025641
1390,Suzuki,2018,petrol,145.26179052362448
1391,Suzuki,2018,petrol-electric,119.17460317460318
1392,Suzuki,2019,diesel,106.0
1393,Suzuki,2019,lpg,122.5
1394,Suzuki,2019,ng-biomethane,119.94782608695652
1395,Suzuki,2019,petrol,121.00804197480552
1396,Suzuki,2019,petrol-electric,51.14206257242178
1397,Suzuki,2020,diesel,106.0
1398,Suzuki,2020,lpg,122.5
1399,Suzuki,2020,ng-biomethane,119.94782608695652
1400,Suzuki,2020,petrol,121.00804197480552
1401,Suzuki,2020,petrol-electric,51.14206257242178
1402,Suzuki,2021,diesel,106.0
1403,Suzuki,2021,lpg,122.5
1404,Suzuki,2021,ng-biomethane,119.94782608695652
1405,Suzuki,2021,petrol,121.00804197480552
1406,Suzuki,2021,petrol-electric,51.14206257242178
1407,Tesla,2015,electric,0.0
1408,Tesla,2016,electric,0.0
1409,Tesla,2017,electric,0.0
1410,Tesla,2018,electric,0.0
1411,Tesla,2019,electric,0.0
1412,Tesla,2020,electric,0.0
1413,Tesla,2021,electric,0.0
1414,Toyota,2015,diesel,171.2929218106996
1415,Toyota,2015,electric,0.0
1416,Toyota,2015,lpg,206.26666666666665
1417,Toyota,2015,petrol,155.5028507619548
1418,Toyota,2015,petrol-electric,80.29411764705883
1419,Toyota,2016,diesel,162.8342977893368
1420,Toyota,2016,lpg,174.45763097949884
1421,Toyota,2016,petrol,149.29321968725966
1422,Toyota,2016,petrol-electric,100.18125
1423,Toyota,2017,diesel,153.4879528067103
1424,Toyota,2017,lpg,123.0029411764706
1425,Toyota,2017,petrol,132.854562207859
1426,Toyota,2017,petrol-electric,31.05441370223979
1427,Toyota,2018,diesel,178.78164805592505
1428,Toyota,2018,electric,0.0
1429,Toyota,2018,petrol,126.04111746075878
1430,Toyota,2019,diesel,181.19605483116013
1431,Toyota,2019,electric,0.0
1432,Toyota,2019,lpg,124.06952491309386
1433,Toyota,2019,ng,132.0
1434,Toyota,2019,other,97.0
1435,Toyota,2019,petrol,112.99941175944556
1436,Toyota,2019,petrol-electric,34.958033583937336
1437,Toyota,2020,diesel,181.19605483116013
1438,Toyota,2020,electric,0.0
1439,Toyota,2020,lpg,124.06952491309386
1440,Toyota,2020,ng,132.0
1441,Toyota,2020,other,97.0
1442,Toyota,2020,petrol,112.99941175944556
1443,Toyota,2020,petrol-electric,34.958033583937336
1444,Toyota,2021,diesel,181.19605483116013
1445,Toyota,2021,electric,0.0
1446,Toyota,2021,lpg,124.06952491309386
1447,Toyota,2021,ng,132.0
1448,Toyota,2021,other,97.0
1449,Toyota,2021,petrol,112.99941175944556
1450,Toyota,2021,petrol-electric,34.958033583937336
1451,Tripod,2017,diesel,171.6
1452,Tripod,2018,diesel,141.70000000000002
1453,Tripod,2019,diesel,156.16666666666666
1454,Tripod,2019,petrol,154.0
1455,Tripod,2020,diesel,156.16666666666666
1456,Tripod,2020,petrol,154.0
1457,Tripod,2021,diesel,156.16666666666666
1458,Tripod,2021,petrol,154.0
1459,UAZ,2018,petrol,258.7
1460,UAZ,2019,petrol,276.0
1461,UAZ,2020,petrol,276.0
1462,UAZ,2021,petrol,276.0
1463,Volkswagen,2015,diesel,173.40190807429414
1464,Volkswagen,2015,diesel-electric,27.3
1465,Volkswagen,2015,e85,159.50606060606063
1466,Volkswagen,2015,electric,0.0
1467,Volkswagen,2015,lpg,207.72142857142856
1468,Volkswagen,2015,ng-biomethane,142.07647058823528
1469,Volkswagen,2015,petrol,164.874720971216
1470,Volkswagen,2015,petrol-electric,49.26353591160221
1471,Volkswagen,2016,biodiesel,219.95999999999998
1472,Volkswagen,2016,diesel,168.88579272477693
1473,Volkswagen,2016,diesel-electric,27.3
1474,Volkswagen,2016,e85,154.94931506849318
1475,Volkswagen,2016,electric,0.0
1476,Volkswagen,2016,lpg,152.27333333333334
1477,Volkswagen,2016,ng-biomethane,135.80652173913043
1478,Volkswagen,2016,petrol,164.82993200048864
1479,Volkswagen,2016,petrol-electric,49.21697722567288
1480,Volkswagen,2017,diesel,158.15344802032607
1481,Volkswagen,2017,diesel-electric,27.3
1482,Volkswagen,2017,e85,157.41802853437096
1483,Volkswagen,2017,electric,0.0
1484,Volkswagen,2017,lpg,162.14545454545453
1485,Volkswagen,2017,ng-biomethane,157.6605749486653
1486,Volkswagen,2017,petrol,152.06454670742266
1487,Volkswagen,2017,petrol-electric,49.83896103896104
1488,Volkswagen,2018,diesel,164.14743298381757
1489,Volkswagen,2018,diesel-electric,27.3
1490,Volkswagen,2018,e85,152.0474824355972
1491,Volkswagen,2018,electric,0.0
1492,Volkswagen,2018,lpg,152.8
1493,Volkswagen,2018,ng,124.08260674828307
1494,Volkswagen,2018,petrol,152.3560634104915
1495,Volkswagen,2018,petrol-electric,50.315977356746764
1496,Volkswagen,2019,diesel,150.37529355928604
1497,Volkswagen,2019,diesel-electric,36.0
1498,Volkswagen,2019,electric,0.0
1499,Volkswagen,2019,lpg,129.77777777777777
1500,Volkswagen,2019,ng,105.55525165884448
1501,Volkswagen,2019,ng-biomethane,153.0
1502,Volkswagen,2019,other,124.0
1503,Volkswagen,2019,petrol,140.260361176636
1504,Volkswagen,2019,petrol-electric,31.73662105527098
1505,Volkswagen,2020,diesel,150.37529355928604
1506,Volkswagen,2020,diesel-electric,36.0
1507,Volkswagen,2020,electric,0.0
1508,Volkswagen,2020,lpg,129.77777777777777
1509,Volkswagen,2020,ng,105.55525165884448
1510,Volkswagen,2020,ng-biomethane,153.0
1511,Volkswagen,2020,other,124.0
1512,Volkswagen,2020,petrol,140.260361176636
1513,Volkswagen,2020,petrol-electric,31.73662105527098
1514,Volkswagen,2021,diesel,150.37529355928604
1515,Volkswagen,2021,diesel-electric,36.0
1516,Volkswagen,2021,electric,0.0
1517,Volkswagen,2021,lpg,129.77777777777777
1518,Volkswagen,2021,ng,105.55525165884448
1519,Volkswagen,2021,ng-biomethane,153.0
1520,Volkswagen,2021,other,124.0
1521,Volkswagen,2021,petrol,140.260361176636
1522,Volkswagen,2021,petrol-electric,31.73662105527098
1523,Volvo,2015,diesel,157.68976628405477
1524,Volvo,2015,diesel-electric,62.48333333333334
1525,Volvo,2015,e85,213.05555555555554
1526,Volvo,2015,ng-biomethane,179.83333333333334
1527,Volvo,2015,petrol,193.97981090100112
1528,Volvo,2015,petrol-electric,64.8607142857143
1529,Volvo,2016,diesel,154.09147033533964
1530,Volvo,2016,diesel-electric,62.400000000000006
1531,Volvo,2016,e85,209.73333333333335
1532,Volvo,2016,ng-biomethane,150.54000000000002
1533,Volvo,2016,petrol,186.93370044052867
1534,Volvo,2016,petrol-electric,63.6747572815534
1535,Volvo,2017,diesel,155.05949916885626
1536,Volvo,2017,diesel-electric,62.400000000000006
1537,Volvo,2017,lpg,144.3
1538,Volvo,2017,ng-biomethane,143.0
1539,Volvo,2017,petrol,185.10171061093249
1540,Volvo,2017,petrol-electric,63.41158798283262
1541,Volvo,2018,diesel,166.49141604075297
1542,Volvo,2018,diesel-electric,62.398369905956116
1543,Volvo,2018,electric,0.0
1544,Volvo,2018,ng,145.87083333333334
1545,Volvo,2018,petrol,181.71489097070872
1546,Volvo,2018,petrol-electric,78.092409537503
1547,Volvo,2019,diesel,163.19586423419602
1548,Volvo,2019,diesel-electric,175.90769230769232
1549,Volvo,2019,electric,0.0
1550,Volvo,2019,other,158.4047619047619
1551,Volvo,2019,petrol,164.36796508136902
1552,Volvo,2019,petrol-electric,52.008594807996886
1553,Volvo,2020,diesel,163.19586423419602
1554,Volvo,2020,diesel-electric,175.90769230769232
1555,Volvo,2020,electric,0.0
1556,Volvo,2020,other,158.4047619047619
1557,Volvo,2020,petrol,164.36796508136902
1558,Volvo,2020,petrol-electric,52.008594807996886
1559,Volvo,2021,diesel,163.19586423419602
1560,Volvo,2021,diesel-electric,175.90769230769232
1561,Volvo,2021,electric,0.0
1562,Volvo,2021,other,158.4047619047619
1563,Volvo,2021,petrol,164.36796508136902
1564,Volvo,2021,petrol-electric,52.008594807996886
1565,ZD,2019,electric,0.0
1566,ZD,2020,electric,0.0
1567,ZD,2021,electric,0.0
1568,Škoda,2015,diesel,166.4
1569,Škoda,2015,petrol,202.8
1570,Škoda,2019,diesel,131.14692718195903
1571,Škoda,2019,electric,0.0
1572,Škoda,2019,lpg,130.025
1573,Škoda,2019,ng,101.82926829268293
1574,Škoda,2019,other,115.0
1575,Škoda,2019,petrol,129.22420796100732
1576,Škoda,2019,petrol-electric,26.130681818181817
1577,Škoda,2020,diesel,131.14692718195903
1578,Škoda,2020,electric,0.0
1579,Škoda,2020,lpg,130.025
1580,Škoda,2020,ng,101.82926829268293
1581,Škoda,2020,other,115.0
1582,Škoda,2020,petrol,129.22420796100732
1583,Škoda,2020,petrol-electric,26.130681818181817
1584,Škoda,2021,diesel,131.14692718195903
1585,Škoda,2021,electric,0.0
1586,Škoda,2021,lpg,130.025
1587,Škoda,2021,ng,101.82926829268293
1588,Škoda,2021,other,115.0
1589,Škoda,2021,petrol,129.22420796100732
1590,Škoda,2021,petrol-electric,26.130681818181817
